"step","stage_type","added_variable","auc"
0,"confounder","Sex only",0.500331366421617
0,"confounder","Sex only",0.500331366421617
0,"confounder","Sex only",0.500331366421617
0,"confounder","Sex only",0.500331366421617
0,"confounder","Sex only",0.500331366421617
0,"confounder","Sex only",0.500331366421617
0,"confounder","Sex only",0.500331366421617
0,"confounder","Sex only",0.500331366421617
0,"confounder","Sex only",0.500331366421617
0,"confounder","Sex only",0.500331366421617
0,"confounder","Sex only",0.500331366421617
0,"confounder","Sex only",0.500331366421617
0,"confounder","Sex only",0.500331366421617
0,"confounder","Sex only",0.500331366421617
0,"confounder","Sex only",0.500331366421617
0,"confounder","Sex only",0.500331366421617
0,"confounder","Sex only",0.500331366421617
0,"confounder","Sex only",0.500331366421617
0,"confounder","Sex only",0.500331366421617
0,"confounder","Sex only",0.500331366421617
0,"confounder","Sex only",0.500331366421617
0,"confounder","Sex only",0.500331366421617
0,"confounder","Sex only",0.500331366421617
0,"confounder","Sex only",0.500331366421617
0,"confounder","Sex only",0.500331366421617
0,"confounder","Sex only",0.500331366421617
0,"confounder","Sex only",0.500331366421617
0,"confounder","Sex only",0.500331366421617
0,"confounder","Sex only",0.500331366421617
0,"confounder","Sex only",0.500331366421617
0,"confounder","Sex only",0.500331366421617
0,"confounder","Sex only",0.500331366421617
0,"confounder","Sex only",0.500331366421617
0,"confounder","Sex only",0.500331366421617
0,"confounder","Sex only",0.500331366421617
0,"confounder","Sex only",0.500331366421617
0,"confounder","Sex only",0.500331366421617
0,"confounder","Sex only",0.500331366421617
0,"confounder","Sex only",0.500331366421617
0,"confounder","Sex only",0.500331366421617
0,"confounder","Sex only",0.500331366421617
0,"confounder","Sex only",0.500331366421617
0,"confounder","Sex only",0.500331366421617
0,"confounder","Sex only",0.500331366421617
0,"confounder","Sex only",0.499668633578383
0,"confounder","Sex only",0.500331366421617
0,"confounder","Sex only",0.500331366421617
0,"confounder","Sex only",0.500331366421617
0,"confounder","Sex only",0.500331366421617
0,"confounder","Sex only",0.500331366421617
0,"confounder","Sex only",0.500331366421617
0,"confounder","Sex only",0.500331366421617
0,"confounder","Sex only",0.500331366421617
0,"confounder","Sex only",0.500331366421617
0,"confounder","Sex only",0.500331366421617
0,"confounder","Sex only",0.500331366421617
0,"confounder","Sex only",0.500331366421617
0,"confounder","Sex only",0.500331366421617
0,"confounder","Sex only",0.500331366421617
0,"confounder","Sex only",0.499668633578383
0,"confounder","Sex only",0.500331366421617
0,"confounder","Sex only",0.500331366421617
0,"confounder","Sex only",0.500331366421617
0,"confounder","Sex only",0.500331366421617
0,"confounder","Sex only",0.500331366421617
0,"confounder","Sex only",0.500331366421617
0,"confounder","Sex only",0.500331366421617
0,"confounder","Sex only",0.500331366421617
0,"confounder","Sex only",0.500331366421617
0,"confounder","Sex only",0.500331366421617
0,"confounder","Sex only",0.500331366421617
0,"confounder","Sex only",0.500331366421617
0,"confounder","Sex only",0.500331366421617
0,"confounder","Sex only",0.500331366421617
0,"confounder","Sex only",0.500331366421617
0,"confounder","Sex only",0.500331366421617
0,"confounder","Sex only",0.500331366421617
0,"confounder","Sex only",0.500331366421617
0,"confounder","Sex only",0.500331366421617
0,"confounder","Sex only",0.500331366421617
0,"confounder","Sex only",0.500331366421617
0,"confounder","Sex only",0.500331366421617
0,"confounder","Sex only",0.500331366421617
0,"confounder","Sex only",0.500331366421617
0,"confounder","Sex only",0.500331366421617
0,"confounder","Sex only",0.500331366421617
0,"confounder","Sex only",0.500331366421617
0,"confounder","Sex only",0.500331366421617
0,"confounder","Sex only",0.500331366421617
0,"confounder","Sex only",0.500331366421617
0,"confounder","Sex only",0.500331366421617
0,"confounder","Sex only",0.500331366421617
0,"confounder","Sex only",0.500331366421617
0,"confounder","Sex only",0.500331366421617
0,"confounder","Sex only",0.500331366421617
0,"confounder","Sex only",0.500331366421617
0,"confounder","Sex only",0.500331366421617
0,"confounder","Sex only",0.500331366421617
0,"confounder","Sex only",0.500331366421617
0,"confounder","Sex only",0.500331366421617
1,"confounder","Sex + Ethnicity",0.500851113769087
1,"confounder","Sex + Ethnicity",0.500452847066271
1,"confounder","Sex + Ethnicity",0.501311613955417
1,"confounder","Sex + Ethnicity",0.499324045752619
1,"confounder","Sex + Ethnicity",0.498953187566486
1,"confounder","Sex + Ethnicity",0.500813605750378
1,"confounder","Sex + Ethnicity",0.500305331541867
1,"confounder","Sex + Ethnicity",0.500340591791049
1,"confounder","Sex + Ethnicity",0.499419579525429
1,"confounder","Sex + Ethnicity",0.500592544158467
1,"confounder","Sex + Ethnicity",0.499088736394073
1,"confounder","Sex + Ethnicity",0.498681680793474
1,"confounder","Sex + Ethnicity",0.501088939678067
1,"confounder","Sex + Ethnicity",0.500897118118752
1,"confounder","Sex + Ethnicity",0.499868548297293
1,"confounder","Sex + Ethnicity",0.499239910193116
1,"confounder","Sex + Ethnicity",0.501061452667844
1,"confounder","Sex + Ethnicity",0.500071632490168
1,"confounder","Sex + Ethnicity",0.499377782905177
1,"confounder","Sex + Ethnicity",0.500943486393007
1,"confounder","Sex + Ethnicity",0.50052872653262
1,"confounder","Sex + Ethnicity",0.500244558513898
1,"confounder","Sex + Ethnicity",0.49974596041802
1,"confounder","Sex + Ethnicity",0.498740056200613
1,"confounder","Sex + Ethnicity",0.500989635836789
1,"confounder","Sex + Ethnicity",0.499495173560727
1,"confounder","Sex + Ethnicity",0.501379903334398
1,"confounder","Sex + Ethnicity",0.501080876250873
1,"confounder","Sex + Ethnicity",0.500822670564843
1,"confounder","Sex + Ethnicity",0.499653421292654
1,"confounder","Sex + Ethnicity",0.499706069050034
1,"confounder","Sex + Ethnicity",0.500824773240253
1,"confounder","Sex + Ethnicity",0.500405327553443
1,"confounder","Sex + Ethnicity",0.50004475439952
1,"confounder","Sex + Ethnicity",0.499739450211463
1,"confounder","Sex + Ethnicity",0.499224430315777
1,"confounder","Sex + Ethnicity",0.499388037015688
1,"confounder","Sex + Ethnicity",0.500827560950186
1,"confounder","Sex + Ethnicity",0.499685653594102
1,"confounder","Sex + Ethnicity",0.501376934851466
1,"confounder","Sex + Ethnicity",0.499953173846767
1,"confounder","Sex + Ethnicity",0.499771960808185
1,"confounder","Sex + Ethnicity",0.500322871279958
1,"confounder","Sex + Ethnicity",0.500499272426736
1,"confounder","Sex + Ethnicity",0.498921614135048
1,"confounder","Sex + Ethnicity",0.500480595721625
1,"confounder","Sex + Ethnicity",0.499630051625343
1,"confounder","Sex + Ethnicity",0.501043380125124
1,"confounder","Sex + Ethnicity",0.499692587190052
1,"confounder","Sex + Ethnicity",0.500938688772756
1,"confounder","Sex + Ethnicity",0.501588948279056
1,"confounder","Sex + Ethnicity",0.500752445011898
1,"confounder","Sex + Ethnicity",0.500252043943214
1,"confounder","Sex + Ethnicity",0.500480445870323
1,"confounder","Sex + Ethnicity",0.50016736130753
1,"confounder","Sex + Ethnicity",0.500688803401866
1,"confounder","Sex + Ethnicity",0.499646121393522
1,"confounder","Sex + Ethnicity",0.49903077724055
1,"confounder","Sex + Ethnicity",0.500911889175648
1,"confounder","Sex + Ethnicity",0.499200903661388
1,"confounder","Sex + Ethnicity",0.501021373391082
1,"confounder","Sex + Ethnicity",0.500871847956359
1,"confounder","Sex + Ethnicity",0.500937038029844
1,"confounder","Sex + Ethnicity",0.500017935773675
1,"confounder","Sex + Ethnicity",0.50123179316197
1,"confounder","Sex + Ethnicity",0.499809147716963
1,"confounder","Sex + Ethnicity",0.499649016140098
1,"confounder","Sex + Ethnicity",0.500345805664916
1,"confounder","Sex + Ethnicity",0.501283815349629
1,"confounder","Sex + Ethnicity",0.500664848600901
1,"confounder","Sex + Ethnicity",0.500671373079011
1,"confounder","Sex + Ethnicity",0.50006427074764
1,"confounder","Sex + Ethnicity",0.501185922013463
1,"confounder","Sex + Ethnicity",0.501738007509729
1,"confounder","Sex + Ethnicity",0.501516553450123
1,"confounder","Sex + Ethnicity",0.49952197791502
1,"confounder","Sex + Ethnicity",0.500031757772326
1,"confounder","Sex + Ethnicity",0.499865360983889
1,"confounder","Sex + Ethnicity",0.499606910302874
1,"confounder","Sex + Ethnicity",0.499200903661388
1,"confounder","Sex + Ethnicity",0.499312038619735
1,"confounder","Sex + Ethnicity",0.500624448214206
1,"confounder","Sex + Ethnicity",0.500749110225784
1,"confounder","Sex + Ethnicity",0.501068702616543
1,"confounder","Sex + Ethnicity",0.499592160653307
1,"confounder","Sex + Ethnicity",0.501101734124934
1,"confounder","Sex + Ethnicity",0.499612209806056
1,"confounder","Sex + Ethnicity",0.500135733168473
1,"confounder","Sex + Ethnicity",0.4993777757694
1,"confounder","Sex + Ethnicity",0.499839127491699
1,"confounder","Sex + Ethnicity",0.498945806795223
1,"confounder","Sex + Ethnicity",0.499634706530069
1,"confounder","Sex + Ethnicity",0.500268458607246
1,"confounder","Sex + Ethnicity",0.499962153031917
1,"confounder","Sex + Ethnicity",0.500062341709453
1,"confounder","Sex + Ethnicity",0.500167121069729
1,"confounder","Sex + Ethnicity",0.499394832653297
1,"confounder","Sex + Ethnicity",0.500474620698288
1,"confounder","Sex + Ethnicity",0.500688953253168
1,"confounder","Sex + Ethnicity",0.500255982891719
2,"confounder","Baseline",0.813913753078469
2,"confounder","Baseline",0.813917234147997
2,"confounder","Baseline",0.813914993514245
2,"confounder","Baseline",0.813858146352526
2,"confounder","Baseline",0.813906360414245
2,"confounder","Baseline",0.813899828800358
2,"confounder","Baseline",0.813897058929866
2,"confounder","Baseline",0.813944027798625
2,"confounder","Baseline",0.813919299955229
2,"confounder","Baseline",0.813889020477889
2,"confounder","Baseline",0.813912240293898
2,"confounder","Baseline",0.813935992914536
2,"confounder","Baseline",0.813919861302963
2,"confounder","Baseline",0.813847077574223
2,"confounder","Baseline",0.813888506701997
2,"confounder","Baseline",0.813885699963328
2,"confounder","Baseline",0.813916486080783
2,"confounder","Baseline",0.81390330273411
2,"confounder","Baseline",0.813887380438641
2,"confounder","Baseline",0.813927076762076
2,"confounder","Baseline",0.813891124342595
2,"confounder","Baseline",0.813910387370658
2,"confounder","Baseline",0.813774705341914
2,"confounder","Baseline",0.813890695006723
2,"confounder","Baseline",0.813864758838544
2,"confounder","Baseline",0.813885476375671
2,"confounder","Baseline",0.813927227802674
2,"confounder","Baseline",0.813939958027554
2,"confounder","Baseline",0.813909902137871
2,"confounder","Baseline",0.813808136453777
2,"confounder","Baseline",0.813899349514052
2,"confounder","Baseline",0.81392348389872
2,"confounder","Baseline",0.813894411556867
2,"confounder","Baseline",0.813912701740764
2,"confounder","Baseline",0.813886990349538
2,"confounder","Baseline",0.813951689243755
2,"confounder","Baseline",0.813895088266318
2,"confounder","Baseline",0.813915453771815
2,"confounder","Baseline",0.813899743171043
2,"confounder","Baseline",0.813888223649538
2,"confounder","Baseline",0.813847703143943
2,"confounder","Baseline",0.813937240486088
2,"confounder","Baseline",0.813936895590235
2,"confounder","Baseline",0.813915956844043
2,"confounder","Baseline",0.8138256666775
2,"confounder","Baseline",0.813917606397659
2,"confounder","Baseline",0.813926690240861
2,"confounder","Baseline",0.813919406991873
2,"confounder","Baseline",0.813936492418875
2,"confounder","Baseline",0.813917665862462
2,"confounder","Baseline",0.813958634732666
2,"confounder","Baseline",0.813871766170849
2,"confounder","Baseline",0.813854704529768
2,"confounder","Baseline",0.813925525920032
2,"confounder","Baseline",0.813871737627744
2,"confounder","Baseline",0.813890430983
2,"confounder","Baseline",0.813878860321765
2,"confounder","Baseline",0.813829619897558
2,"confounder","Baseline",0.813914829391391
2,"confounder","Baseline",0.813920823443465
2,"confounder","Baseline",0.813931483103928
2,"confounder","Baseline",0.813976426601519
2,"confounder","Baseline",0.813889215522441
2,"confounder","Baseline",0.813940627601228
2,"confounder","Baseline",0.813948850394093
2,"confounder","Baseline",0.813831689272679
2,"confounder","Baseline",0.813919112046454
2,"confounder","Baseline",0.813921868834689
2,"confounder","Baseline",0.813910885685701
2,"confounder","Baseline",0.813880184008265
2,"confounder","Baseline",0.813937926709907
2,"confounder","Baseline",0.813942550692935
2,"confounder","Baseline",0.81399647218638
2,"confounder","Baseline",0.813892015125334
2,"confounder","Baseline",0.813842171728032
2,"confounder","Baseline",0.813949954060824
2,"confounder","Baseline",0.813883669834977
2,"confounder","Baseline",0.813898042477697
2,"confounder","Baseline",0.813912762394862
2,"confounder","Baseline",0.813904125726974
2,"confounder","Baseline",0.813889104917909
2,"confounder","Baseline",0.813893181824755
2,"confounder","Baseline",0.813872653385699
2,"confounder","Baseline",0.813928742965837
2,"confounder","Baseline",0.813909307489848
2,"confounder","Baseline",0.81393374157712
2,"confounder","Baseline",0.813948446033437
2,"confounder","Baseline",0.813913654366897
2,"confounder","Baseline",0.813912520967765
2,"confounder","Baseline",0.8139434938047
2,"confounder","Baseline",0.813890088465739
2,"confounder","Baseline",0.813926338209231
2,"confounder","Baseline",0.813880955861399
2,"confounder","Baseline",0.813852685105081
2,"confounder","Baseline",0.813913805407495
2,"confounder","Baseline",0.813847264293702
2,"confounder","Baseline",0.81394457963199
2,"confounder","Baseline",0.813930961002964
2,"confounder","Baseline",0.813905411356
2,"confounder","Baseline",0.813910063882133
3,"selected","triglycerides",0.81395648567471
3,"selected","triglycerides",0.813863903734686
3,"selected","triglycerides",0.814023866431512
3,"selected","triglycerides",0.814011887841733
3,"selected","triglycerides",0.813963010152821
3,"selected","triglycerides",0.813994279124471
3,"selected","triglycerides",0.813977134232667
3,"selected","triglycerides",0.813993115992938
3,"selected","triglycerides",0.814032096360153
3,"selected","triglycerides",0.8139733641642
3,"selected","triglycerides",0.813924013135461
3,"selected","triglycerides",0.813968371499397
3,"selected","triglycerides",0.814028640265842
3,"selected","triglycerides",0.813990872980594
3,"selected","triglycerides",0.813843483521571
3,"selected","triglycerides",0.813948883694382
3,"selected","triglycerides",0.814002604196795
3,"selected","triglycerides",0.813964159012801
3,"selected","triglycerides",0.814007242451376
3,"selected","triglycerides",0.81401009914048
3,"selected","triglycerides",0.814025445816662
3,"selected","triglycerides",0.813978708860632
3,"selected","triglycerides",0.813980523726399
3,"selected","triglycerides",0.813922188755326
3,"selected","triglycerides",0.814053815284551
3,"selected","triglycerides",0.814052709239228
3,"selected","triglycerides",0.813982169712127
3,"selected","triglycerides",0.814025464845398
3,"selected","triglycerides",0.814029658303258
3,"selected","triglycerides",0.814019221041155
3,"selected","triglycerides",0.813991600829775
3,"selected","triglycerides",0.813969810547614
3,"selected","triglycerides",0.813910659719453
3,"selected","triglycerides",0.813993827191973
3,"selected","triglycerides",0.813872133663327
3,"selected","triglycerides",0.813979798255811
3,"selected","triglycerides",0.81401222560181
3,"selected","triglycerides",0.813987516787152
3,"selected","triglycerides",0.814009716187153
3,"selected","triglycerides",0.81397371619583
3,"selected","triglycerides",0.813929595691102
3,"selected","triglycerides",0.813994859500942
3,"selected","triglycerides",0.813960231957256
3,"selected","triglycerides",0.813966176058896
3,"selected","triglycerides",0.813845181836325
3,"selected","triglycerides",0.813906784992933
3,"selected","triglycerides",0.814039336794483
3,"selected","triglycerides",0.813995913217239
3,"selected","triglycerides",0.813988116192359
3,"selected","triglycerides",0.813988123328135
3,"selected","triglycerides",0.813963017288597
3,"selected","triglycerides",0.814030003199111
3,"selected","triglycerides",0.813947273387535
3,"selected","triglycerides",0.813947777649059
3,"selected","triglycerides",0.813942716005086
3,"selected","triglycerides",0.814023845024183
3,"selected","triglycerides",0.813945384785414
3,"selected","triglycerides",0.814002739776545
3,"selected","triglycerides",0.813985302317913
3,"selected","triglycerides",0.813967695979243
3,"selected","triglycerides",0.814021097750316
3,"selected","triglycerides",0.81394067517307
3,"selected","triglycerides",0.814060722715988
3,"selected","triglycerides",0.813995049788309
3,"selected","triglycerides",0.814056650566326
3,"selected","triglycerides",0.813969137406051
3,"selected","triglycerides",0.814009915988888
3,"selected","triglycerides",0.814032091602969
3,"selected","triglycerides",0.81395550807336
3,"selected","triglycerides",0.813891802241342
3,"selected","triglycerides",0.814033597251763
3,"selected","triglycerides",0.813955957627266
3,"selected","triglycerides",0.813971254353014
3,"selected","triglycerides",0.813964672788693
3,"selected","triglycerides",0.814015912419554
3,"selected","triglycerides",0.813909558431314
3,"selected","triglycerides",0.814015484272977
3,"selected","triglycerides",0.813988408759186
3,"selected","triglycerides",0.813990578035175
3,"selected","triglycerides",0.814016228772303
3,"selected","triglycerides",0.813979700733535
3,"selected","triglycerides",0.813942085678181
3,"selected","triglycerides",0.813959389935656
3,"selected","triglycerides",0.813967648407401
3,"selected","triglycerides",0.813998831749737
3,"selected","triglycerides",0.814005741559766
3,"selected","triglycerides",0.813986210940093
3,"selected","triglycerides",0.813931244055423
3,"selected","triglycerides",0.813985054944336
3,"selected","triglycerides",0.813921824830736
3,"selected","triglycerides",0.814038720739131
3,"selected","triglycerides",0.814102126868546
3,"selected","triglycerides",0.81392157983575
3,"selected","triglycerides",0.813929438704024
3,"selected","triglycerides",0.813960878934305
3,"selected","triglycerides",0.814028038482043
3,"selected","triglycerides",0.81404095899429
3,"selected","triglycerides",0.813965576653689
3,"selected","triglycerides",0.813957751085704
3,"selected","triglycerides",0.813946205399686
4,"selected","employment",0.81384347162861
4,"selected","employment",0.813844320785987
4,"selected","employment",0.813911161602384
4,"selected","employment",0.813933682112318
4,"selected","employment",0.813866903139315
4,"selected","employment",0.813789579867566
4,"selected","employment",0.813922976069308
4,"selected","employment",0.81381266886101
4,"selected","employment",0.813899734845971
4,"selected","employment",0.813954228390814
4,"selected","employment",0.813930363976348
4,"selected","employment",0.8138907318749
4,"selected","employment",0.813870380640955
4,"selected","employment",0.813696058383666
4,"selected","employment",0.81398983353585
4,"selected","employment",0.813878044464677
4,"selected","employment",0.813882842084928
4,"selected","employment",0.813908606994477
4,"selected","employment",0.813997292800653
4,"selected","employment",0.813855699970559
4,"selected","employment",0.813918359222057
4,"selected","employment",0.813958742958606
4,"selected","employment",0.813954009560342
4,"selected","employment",0.813799034771135
4,"selected","employment",0.813938979236908
4,"selected","employment",0.813968183590622
4,"selected","employment",0.813945479929097
4,"selected","employment",0.813929545740668
4,"selected","employment",0.813820277977114
4,"selected","employment",0.813883995702093
4,"selected","employment",0.813876507894186
4,"selected","employment",0.813930834937583
4,"selected","employment",0.81393873186333
4,"selected","employment",0.814008279517529
4,"selected","employment",0.814003510440383
4,"selected","employment",0.813894009574804
4,"selected","employment",0.813977246026495
4,"selected","employment",0.813915502532953
4,"selected","employment",0.813823025250981
4,"selected","employment",0.814028442842698
4,"selected","employment",0.813844591945486
4,"selected","employment",0.813889123946645
4,"selected","employment",0.813962765157835
4,"selected","employment",0.813798066684153
4,"selected","employment",0.813945841475096
4,"selected","employment",0.813828481741242
4,"selected","employment",0.813872702146837
4,"selected","employment",0.813839882333142
4,"selected","employment",0.814028459492843
4,"selected","employment",0.813857158047512
4,"selected","employment",0.814013719357645
4,"selected","employment",0.813940346927361
4,"selected","employment",0.813750580471614
4,"selected","employment",0.813992383386573
4,"selected","employment",0.813843702352043
4,"selected","employment",0.813742110305172
4,"selected","employment",0.814027898145109
4,"selected","employment",0.813991672187538
4,"selected","employment",0.813895320179047
4,"selected","employment",0.813813812963806
4,"selected","employment",0.813944671207786
4,"selected","employment",0.813816289078175
4,"selected","employment",0.813882021470656
4,"selected","employment",0.813871527122344
4,"selected","employment",0.813766345780005
4,"selected","employment",0.813853495015689
4,"selected","employment",0.813963990132763
4,"selected","employment",0.813868189957637
4,"selected","employment",0.813920492819164
4,"selected","employment",0.813945365756677
4,"selected","employment",0.813755159261393
4,"selected","employment",0.813870042880878
4,"selected","employment",0.81386462444809
4,"selected","employment",0.81393538994144
4,"selected","employment",0.813875130689364
4,"selected","employment",0.813992438094191
4,"selected","employment",0.813956278737198
4,"selected","employment",0.813862845261205
4,"selected","employment",0.813821265092833
4,"selected","employment",0.81375098483227
4,"selected","employment",0.81387785417731
4,"selected","employment",0.813923447030543
4,"selected","employment",0.813752400094565
4,"selected","employment",0.813947575468731
4,"selected","employment",0.81386182722379
4,"selected","employment",0.813948327103832
4,"selected","employment",0.813861401455805
4,"selected","employment",0.813832727528128
4,"selected","employment",0.814032029759574
4,"selected","employment",0.813928551489174
4,"selected","employment",0.81396483929014
4,"selected","employment",0.813901880336038
4,"selected","employment",0.813817927928127
4,"selected","employment",0.813902912645007
4,"selected","employment",0.813771816541818
4,"selected","employment",0.813864039314436
4,"selected","employment",0.813726204659848
4,"selected","employment",0.813867611959759
4,"selected","employment",0.813824411970172
4,"selected","employment",0.813809391161106
5,"selected","smoking_status_refined",0.813828614942399
5,"selected","smoking_status_refined",0.813972526899783
5,"selected","smoking_status_refined",0.813880772709808
5,"selected","smoking_status_refined",0.814011286057934
5,"selected","smoking_status_refined",0.813859569939894
5,"selected","smoking_status_refined",0.813855547740665
5,"selected","smoking_status_refined",0.813961775663524
5,"selected","smoking_status_refined",0.813847296404695
5,"selected","smoking_status_refined",0.81390566705465
5,"selected","smoking_status_refined",0.813963847417237
5,"selected","smoking_status_refined",0.813766828634199
5,"selected","smoking_status_refined",0.813734018334873
5,"selected","smoking_status_refined",0.813911194902673
5,"selected","smoking_status_refined",0.813893324540281
5,"selected","smoking_status_refined",0.81398717426989
5,"selected","smoking_status_refined",0.81402761509265
5,"selected","smoking_status_refined",0.813919562789655
5,"selected","smoking_status_refined",0.813905464874322
5,"selected","smoking_status_refined",0.813796113860045
5,"selected","smoking_status_refined",0.813953900145105
5,"selected","smoking_status_refined",0.813881084305372
5,"selected","smoking_status_refined",0.813920433354361
5,"selected","smoking_status_refined",0.813887649219548
5,"selected","smoking_status_refined",0.813882387773839
5,"selected","smoking_status_refined",0.813979634132956
5,"selected","smoking_status_refined",0.813920518983677
5,"selected","smoking_status_refined",0.813905876370754
5,"selected","smoking_status_refined",0.813831509688976
5,"selected","smoking_status_refined",0.813912936032085
5,"selected","smoking_status_refined",0.813778203061587
5,"selected","smoking_status_refined",0.81392003375089
5,"selected","smoking_status_refined",0.813986731851761
5,"selected","smoking_status_refined",0.813921123146068
5,"selected","smoking_status_refined",0.813939236124854
5,"selected","smoking_status_refined",0.813902170524274
5,"selected","smoking_status_refined",0.813903488264293
5,"selected","smoking_status_refined",0.813836709291291
5,"selected","smoking_status_refined",0.814001350678763
5,"selected","smoking_status_refined",0.813977617086862
5,"selected","smoking_status_refined",0.81393384385658
5,"selected","smoking_status_refined",0.813994814307692
5,"selected","smoking_status_refined",0.813940261298046
5,"selected","smoking_status_refined",0.813948310453688
5,"selected","smoking_status_refined",0.813967795880111
5,"selected","smoking_status_refined",0.813934295789078
5,"selected","smoking_status_refined",0.813912457935075
5,"selected","smoking_status_refined",0.813884654572103
5,"selected","smoking_status_refined",0.81394457368551
5,"selected","smoking_status_refined",0.813864876578852
5,"selected","smoking_status_refined",0.813880382620705
5,"selected","smoking_status_refined",0.813945163576349
5,"selected","smoking_status_refined",0.813861294419161
5,"selected","smoking_status_refined",0.813949059710197
5,"selected","smoking_status_refined",0.813798994335069
5,"selected","smoking_status_refined",0.813968147911741
5,"selected","smoking_status_refined",0.813946612138933
5,"selected","smoking_status_refined",0.813853951705371
5,"selected","smoking_status_refined",0.81384722266834
5,"selected","smoking_status_refined",0.813954623237102
5,"selected","smoking_status_refined",0.81401862401454
5,"selected","smoking_status_refined",0.813794686704789
5,"selected","smoking_status_refined",0.813925547327361
5,"selected","smoking_status_refined",0.814001186555908
5,"selected","smoking_status_refined",0.813946390929869
5,"selected","smoking_status_refined",0.813925730478952
5,"selected","smoking_status_refined",0.813873667855227
5,"selected","smoking_status_refined",0.813907898174033
5,"selected","smoking_status_refined",0.813760109111538
5,"selected","smoking_status_refined",0.813925647228229
5,"selected","smoking_status_refined",0.813957743949927
5,"selected","smoking_status_refined",0.814055087831321
5,"selected","smoking_status_refined",0.814039779212612
5,"selected","smoking_status_refined",0.814039167914444
5,"selected","smoking_status_refined",0.813912270026299
5,"selected","smoking_status_refined",0.813925368932954
5,"selected","smoking_status_refined",0.813820444478561
5,"selected","smoking_status_refined",0.81384099313565
5,"selected","smoking_status_refined",0.813918763582712
5,"selected","smoking_status_refined",0.813933634540476
5,"selected","smoking_status_refined",0.813933541775384
5,"selected","smoking_status_refined",0.813927366950312
5,"selected","smoking_status_refined",0.813907881523888
5,"selected","smoking_status_refined",0.813974919763429
5,"selected","smoking_status_refined",0.813813705927162
5,"selected","smoking_status_refined",0.813869317410289
5,"selected","smoking_status_refined",0.813920709271044
5,"selected","smoking_status_refined",0.813951809362656
5,"selected","smoking_status_refined",0.81396498676285
5,"selected","smoking_status_refined",0.813894823053299
5,"selected","smoking_status_refined",0.813908335834978
5,"selected","smoking_status_refined",0.813853307106914
5,"selected","smoking_status_refined",0.81381606786911
5,"selected","smoking_status_refined",0.813866812752816
5,"selected","smoking_status_refined",0.814021059692843
5,"selected","smoking_status_refined",0.813980233538164
5,"selected","smoking_status_refined",0.813922662095152
5,"selected","smoking_status_refined",0.813799924364577
5,"selected","smoking_status_refined",0.813811358256767
5,"selected","smoking_status_refined",0.813965693204701
5,"selected","smoking_status_refined",0.813894256948381
6,"selected","housing",0.813906649413184
6,"selected","housing",0.813933803420514
6,"selected","housing",0.814065520336239
6,"selected","housing",0.813748748955703
6,"selected","housing",0.81387620581299
6,"selected","housing",0.813907472406048
6,"selected","housing",0.813952289838259
6,"selected","housing",0.813894908682615
6,"selected","housing",0.813958276754556
6,"selected","housing",0.813955617488596
6,"selected","housing",0.813935558821479
6,"selected","housing",0.813959632552049
6,"selected","housing",0.813937873191585
6,"selected","housing",0.813804419903632
6,"selected","housing",0.813806969754356
6,"selected","housing",0.813908540393898
6,"selected","housing",0.813897058929867
6,"selected","housing",0.81404207217539
6,"selected","housing",0.813943603219936
6,"selected","housing",0.813991888639418
6,"selected","housing",0.813893579049635
6,"selected","housing",0.813878341788689
6,"selected","housing",0.813914758033628
6,"selected","housing",0.813879818894379
6,"selected","housing",0.813971592113091
6,"selected","housing",0.813832249431117
6,"selected","housing",0.813851187781359
6,"selected","housing",0.813777620306524
6,"selected","housing",0.813917881125046
6,"selected","housing",0.813859674597946
6,"selected","housing",0.813907284497273
6,"selected","housing",0.813929636127168
6,"selected","housing",0.81383704942996
6,"selected","housing",0.813883408189847
6,"selected","housing",0.813881595702672
6,"selected","housing",0.813960388944334
6,"selected","housing",0.813791898994856
6,"selected","housing",0.813840564989073
6,"selected","housing",0.813914101542211
6,"selected","housing",0.814000230361887
6,"selected","housing",0.813842306118485
6,"selected","housing",0.813917888260822
6,"selected","housing",0.813792681551655
6,"selected","housing",0.813945950890332
6,"selected","housing",0.81398117308204
6,"selected","housing",0.813751579480293
6,"selected","housing",0.813818201466217
6,"selected","housing",0.813840172521378
6,"selected","housing",0.813953319768635
6,"selected","housing",0.813837998488205
6,"selected","housing",0.8140141237183
6,"selected","housing",0.813815991754163
6,"selected","housing",0.813935425620322
6,"selected","housing",0.813836873414145
6,"selected","housing",0.813705139848276
6,"selected","housing",0.813965707476254
6,"selected","housing",0.814021359395446
6,"selected","housing",0.813899363785604
6,"selected","housing",0.813844161420317
6,"selected","housing",0.81396551005311
6,"selected","housing",0.813961090629002
6,"selected","housing",0.813943037115018
6,"selected","housing",0.813919512839221
6,"selected","housing",0.81381071365831
6,"selected","housing",0.813936443657737
6,"selected","housing",0.814033813703644
6,"selected","housing",0.813740911494757
6,"selected","housing",0.813911159223792
6,"selected","housing",0.813835936248861
6,"selected","housing",0.813919341580591
6,"selected","housing",0.813888655364003
6,"selected","housing",0.813907829194862
6,"selected","housing",0.813880715623598
6,"selected","housing",0.813813061328705
6,"selected","housing",0.813864331881263
6,"selected","housing",0.813894099961303
6,"selected","housing",0.813930996681845
6,"selected","housing",0.813801491856766
6,"selected","housing",0.813809788385986
6,"selected","housing",0.813906673199105
6,"selected","housing",0.813864272416461
6,"selected","housing",0.813875708687242
6,"selected","housing",0.813990273575387
6,"selected","housing",0.813954028589079
6,"selected","housing",0.813980885272397
6,"selected","housing",0.813907612742982
6,"selected","housing",0.813993889035368
6,"selected","housing",0.813973257127556
6,"selected","housing",0.813902451198141
6,"selected","housing",0.813870164189074
6,"selected","housing",0.813901687670079
6,"selected","housing",0.813948890830158
6,"selected","housing",0.813917198469115
6,"selected","housing",0.813848511865255
6,"selected","housing",0.813876550708843
6,"selected","housing",0.813914144356868
6,"selected","housing",0.813888783807976
6,"selected","housing",0.813932285878759
6,"selected","housing",0.813925954066609
6,"selected","housing",0.813983494587923
7,"selected","salt_added",0.81384156161916
7,"selected","salt_added",0.813926263283581
7,"selected","salt_added",0.814001210341829
7,"selected","salt_added",0.813844442094184
7,"selected","salt_added",0.813781171544518
7,"selected","salt_added",0.813696144012981
7,"selected","salt_added",0.813748649054835
7,"selected","salt_added",0.814035992494001
7,"selected","salt_added",0.813912372305759
7,"selected","salt_added",0.81390283653006
7,"selected","salt_added",0.813868132871427
7,"selected","salt_added",0.814058241844436
7,"selected","salt_added",0.813844877376537
7,"selected","salt_added",0.813778654994084
7,"selected","salt_added",0.813955686467767
7,"selected","salt_added",0.813921018488016
7,"selected","salt_added",0.813963809359764
7,"selected","salt_added",0.81384152831887
7,"selected","salt_added",0.813861434756094
7,"selected","salt_added",0.813982700138164
7,"selected","salt_added",0.813941060504989
7,"selected","salt_added",0.813895027612219
7,"selected","salt_added",0.813768529327546
7,"selected","salt_added",0.813869210373645
7,"selected","salt_added",0.813746263326966
7,"selected","salt_added",0.813792172532947
7,"selected","salt_added",0.813818517818966
7,"selected","salt_added",0.813891212350503
7,"selected","salt_added",0.814014506671627
7,"selected","salt_added",0.81390515565735
7,"selected","salt_added",0.813857947740086
7,"selected","salt_added",0.814005705880884
7,"selected","salt_added",0.813633805871416
7,"selected","salt_added",0.81394286823498
7,"selected","salt_added",0.813851868058697
7,"selected","salt_added",0.813753946179425
7,"selected","salt_added",0.813860433368823
7,"selected","salt_added",0.813859990950694
7,"selected","salt_added",0.813740835379811
7,"selected","salt_added",0.813710979291863
7,"selected","salt_added",0.813879314632855
7,"selected","salt_added",0.813965683690333
7,"selected","salt_added",0.81391290748898
7,"selected","salt_added",0.813886205414147
7,"selected","salt_added",0.81384151642591
7,"selected","salt_added",0.813798497209322
7,"selected","salt_added",0.813960693404122
7,"selected","salt_added",0.814063443825342
7,"selected","salt_added",0.813922957040572
7,"selected","salt_added",0.813870851602189
7,"selected","salt_added",0.813912272404891
7,"selected","salt_added",0.813906066658121
7,"selected","salt_added",0.813785286508839
7,"selected","salt_added",0.813922804810678
7,"selected","salt_added",0.813668578509219
7,"selected","salt_added",0.813828607806623
7,"selected","salt_added",0.813980882893805
7,"selected","salt_added",0.813894421071236
7,"selected","salt_added",0.813898100753203
7,"selected","salt_added",0.813631153741232
7,"selected","salt_added",0.813946731068538
7,"selected","salt_added",0.813744957479907
7,"selected","salt_added",0.813795433582706
7,"selected","salt_added",0.813976965352628
7,"selected","salt_added",0.814058389317145
7,"selected","salt_added",0.813757059756475
7,"selected","salt_added",0.813826022277018
7,"selected","salt_added",0.813794769955512
7,"selected","salt_added",0.813943988551855
7,"selected","salt_added",0.813901704320223
7,"selected","salt_added",0.813994010343565
7,"selected","salt_added",0.814098725481853
7,"selected","salt_added",0.813859472417618
7,"selected","salt_added",0.813844608595631
7,"selected","salt_added",0.813885639309229
7,"selected","salt_added",0.813683963242874
7,"selected","salt_added",0.813767770556668
7,"selected","salt_added",0.813871653187724
7,"selected","salt_added",0.813892717999297
7,"selected","salt_added",0.814010003996796
7,"selected","salt_added",0.813846922965737
7,"selected","salt_added",0.813674396545477
7,"selected","salt_added",0.813943096579821
7,"selected","salt_added",0.813887727713087
7,"selected","salt_added",0.81388878856516
7,"selected","salt_added",0.813840760033624
7,"selected","salt_added",0.813620416776526
7,"selected","salt_added",0.813805278575378
7,"selected","salt_added",0.813934804807785
7,"selected","salt_added",0.813861032774031
7,"selected","salt_added",0.813970300537585
7,"selected","salt_added",0.813932152677602
7,"selected","salt_added",0.813746356092058
7,"selected","salt_added",0.813981063666804
7,"selected","salt_added",0.813849924748958
7,"selected","salt_added",0.813828907509227
7,"selected","salt_added",0.813945850989464
7,"selected","salt_added",0.813968048010873
7,"selected","salt_added",0.813936993112511
7,"selected","salt_added",0.81378951564558
